Metrics,Not Engaged,Engaged
precision,0.9922480620155039,1.0
recall,1.0,0.9923076923076923
f1-score,0.9961089494163424,0.9961389961389961
support,128.0,130.0
