,val_loss,val_binary_accuracy,loss,binary_accuracy
0,0.561948633673203,0.7437185929648241,0.5939928933866601,0.6720698263282491
1,0.28846806467478,0.8793969855236647,0.3735225442936296,0.8304239402982659
2,0.12157018370364779,0.9673366834170855,0.2106644295694822,0.9201995003550427
3,0.10479531191925906,0.949748743718593,0.09638775918549136,0.972568578850896
4,0.0587643362984211,0.9698492462311558,0.0673523598102077,0.9800498753117207
5,0.03554839764876132,0.9949748743718593,0.02503698768832737,0.9950124688279302
6,0.02792006570786757,0.992462311557789,0.008303607097087181,1.0
7,0.020517926964143656,0.9974874371859297,0.0046740732070969,1.0
8,0.0345230332232635,0.992462311557789,0.0035631226310669038,1.0
9,0.03496503396718482,0.992462311557789,0.0022754289572443024,1.0
