,loss,binary_accuracy,val_loss,val_binary_accuracy
0,0.5857885479927063,0.6920199394226074,0.378377765417099,0.8592965006828308
1,0.32471200823783875,0.8790523409843445,0.2592923939228058,0.8919597864151001
2,0.2227260321378708,0.9052368998527527,0.15797820687294006,0.9145728349685669
3,0.1004209816455841,0.9625934958457947,0.12867096066474915,0.9396985173225403
4,0.06926164776086807,0.9788029789924622,0.07486030459403992,0.9673366546630859
5,0.025627460330724716,0.9950124621391296,0.05025981366634369,0.9824120402336121
6,0.010210876353085041,1.0,0.07140510529279709,0.979899525642395
7,0.00731639564037323,0.9987531304359436,0.05308226868510246,0.9824120402336121
8,0.0031164928805083036,1.0,0.0505780465900898,0.9824120402336121
9,0.0019861978944391012,1.0,0.0444977730512619,0.9824120402336121
10,0.0012014133390039206,1.0,0.04982931911945343,0.9849246144294739
11,0.0008654496050439775,1.0,0.05105264484882355,0.9849246144294739
12,0.0007756225531920791,1.0,0.051469214260578156,0.9824120402336121
13,0.0005852167378179729,1.0,0.05192171409726143,0.9824120402336121
14,0.0005404552211984992,1.0,0.05095833167433739,0.9824120402336121
