Metrics,Very Low,Low,High,Very High
precision,0.9587546567323044,0.8131521475370056,0.5846385542168675,0.6116758640720302
recall,0.9895633067838506,0.908130081300813,0.5388672959466962,0.5678080345106498
f1-score,0.9739153939721583,0.8580207399820766,0.5608205720889916,0.5889261744966443
support,3641.0,3690.0,3602.0,3709.0
