,loss,categorical_accuracy,val_loss,val_categorical_accuracy
0,1.3531432151794434,0.31938132643699646,1.3134938478469849,0.35036367177963257
1,1.3130203485488892,0.354814738035202,1.2740589380264282,0.39311689138412476
2,1.2396060228347778,0.40348654985427856,1.15147066116333,0.44793328642845154
3,1.145336389541626,0.4526389241218567,1.1009583473205566,0.468600332736969
4,1.0400911569595337,0.5010485649108887,1.1298656463623047,0.47853466868400574
5,0.9458402991294861,0.548409640789032,0.9154124855995178,0.562089741230011
6,0.8706367015838623,0.584629476070404,0.8565763831138611,0.5803619027137756
7,0.803890585899353,0.619014322757721,0.8284657001495361,0.5931346416473389
8,0.7465572953224182,0.642432689666748,0.7432982325553894,0.6326947212219238
9,0.6973346471786499,0.6669870615005493,0.6896036863327026,0.6671101450920105
10,0.6511899828910828,0.687696635723114,0.6990517377853394,0.6612560153007507
11,0.617549479007721,0.7023330926895142,0.6944661140441895,0.6695937514305115
12,0.5756548643112183,0.7267563939094543,0.6520643830299377,0.6891076564788818
13,0.546748161315918,0.7423104047775269,0.6330082416534424,0.6919460892677307
14,0.5068613290786743,0.7630636096000671,0.6104015111923218,0.7058719396591187
15,0.46337032318115234,0.7820255160331726,0.6097946166992188,0.7134113907814026
16,0.43626275658607483,0.798409640789032,0.6107938289642334,0.7182011604309082
17,0.4075007736682892,0.813788890838623,0.6080315709114075,0.7260067462921143
18,0.3743399381637573,0.8303914666175842,0.6143236756324768,0.7353202104568481
19,0.34614893794059753,0.8448532223701477,0.6174647212028503,0.7424162030220032
20,0.322266548871994,0.8555138111114502,0.635445773601532,0.7415291666984558
21,0.29682230949401855,0.8706746101379395,0.6415461897850037,0.747826874256134
22,0.28325286507606506,0.875480592250824,0.6455954909324646,0.748979926109314
