Metrics,Very Low,Low,High,Very High
precision,1.0,0.5615384615384615,0.7741935483870968,0.8333333333333334
recall,0.9852941176470589,0.9240506329113924,0.34782608695652173,0.6944444444444444
f1-score,0.9925925925925926,0.6985645933014355,0.48,0.7575757575757577
support,68.0,79.0,69.0,72.0
