Metrics,Very Low,Low,High,Very High
precision,0.8983050847457628,0.46078431372549017,0.4,0.7872340425531915
recall,0.7794117647058824,0.5949367088607594,0.463768115942029,0.5138888888888888
f1-score,0.8346456692913385,0.5193370165745855,0.4295302013422819,0.6218487394957983
support,68.0,79.0,69.0,72.0
