,val_loss,val_categorical_accuracy,loss,categorical_accuracy
0,1.2825431437105745,0.3918918918918919,1.3540413978364731,0.34
1,1.2101531877174034,0.5405405437624132,1.1582385455237494,0.49333333333333335
2,1.0723384855029818,0.46846847169034117,1.0414847175280253,0.5333333333333333
3,0.962039075456224,0.630630637074376,0.9012491257985433,0.5711111111111111
4,1.2808357466448534,0.6036036095103702,0.8469957698716057,0.6444444444444445
5,0.9841160435934324,0.545045052562748,0.86351891040802,0.6377777777777778
6,1.001689674618008,0.5945946005013611,0.7602251397238837,0.6955555555555556
7,0.9316803544491261,0.6486486545554152,0.5884153005811903,0.7577777777777778
8,1.0134944931880847,0.6171171240978413,0.6634623079829746,0.7088888888888889
9,1.0492273569107056,0.5270270302488997,0.7561958249409994,0.7133333333333334
