,loss,categorical_accuracy,val_loss,val_categorical_accuracy
0,1.3299322128295898,0.3311111032962799,1.3517614603042603,0.4144144058227539
1,1.2446788549423218,0.40666666626930237,1.1611894369125366,0.5
2,1.059938669204712,0.4933333396911621,1.2348833084106445,0.4369369447231293
3,0.9845780730247498,0.5866666436195374,0.968364953994751,0.6126126050949097
4,0.8117393255233765,0.6911110877990723,0.8825967311859131,0.6036036014556885
5,0.758923351764679,0.7088888883590698,1.0990122556686401,0.6216216087341309
6,0.731808602809906,0.699999988079071,0.9359921216964722,0.5675675868988037
7,0.6445651650428772,0.7222222089767456,1.1490166187286377,0.6171171069145203
8,0.6917641162872314,0.7333333492279053,1.0028706789016724,0.5720720887184143
9,0.6195633411407471,0.7555555701255798,0.8147416114807129,0.6261261105537415
10,0.47090843319892883,0.8133333325386047,0.8990707993507385,0.6396396160125732
11,0.35879141092300415,0.851111114025116,0.8688637614250183,0.6666666865348816
12,0.3340327739715576,0.8577777743339539,0.9760386943817139,0.6171171069145203
13,0.37152180075645447,0.8399999737739563,1.0999257564544678,0.6711711883544922
14,0.29732927680015564,0.8666666746139526,1.0811598300933838,0.6936936974525452
