ID_Video,Avg_Engagement,Avg_Engagement_Neural
Test_1_slide_arduino,0.5946630789473683,0.56964812
Test_1_video_ted,0.5667626114285713,0.66173909
Test_2_slide_arduino,0.6555508357142855,0.69214559
Test_2_video_ted,0.5649328142857141,0.695523
Test_42_video_arduino,0.5370155807017538,0.64810264
Test_44_video_arduino,0.4943203456140351,0.68303035
Test_45_video_arduino,0.5529058964912281,0.56111387
Test_45_video_ted,0.5649351457142853,0.65158191
Test_48_video_ted,0.7631681228571429,0.68664217
Test_48_slide_arduino,0.6366119631578946,0.6728341
Test_51_video_ted,0.5821300314285712,0.69720517
Test_51_video_arduino,0.5649298999999995,0.68838242
Test_51_slide_arduino,0.5183327508771928,0.69772838
Test_52_video_ted,0.5649303555555553,0.68045763
Test_52_slide_arduino,0.5649298999999995,0.6813866
Test_52_video_arduino,0.6524596087719298,0.66881077
Test_55_video_ted,0.7415092114285715,0.67232014
Test_55_slide_arduino,0.7072598647058823,0.53653239
Test_61_slide_arduino,0.6448758175438596,0.61089811
Test_65_video_ted,0.6691129657142856,0.68940458
Test_65_slide_arduino,0.6508572368421054,0.65811199
Test_67_video_arduino,0.612838917,0.682417378
Test_67_video_ted,0.6957435000000001,0.682160313
Test_67_slide_arduino,0.637993575,0.673256733
Test_70_video_arduino,0.591567485,0.694326105
Test_71_video_arduino,0.617162549,0.667939677
Test_71_video_ted,0.6879866290000001,0.686168742
Test_71_slide_arduino,0.572722418,0.667064375
Test_72_video_arduino,0.6804961070000001,0.519848844
Test_73_video_arduino,0.670460718,0.5407850439999999
Test_74_video_arduino,0.547698485,0.638076291
Test_74_video_ted,0.614758603,0.673068819
Test_74_slide_arduino,0.518332751,0.472553596
