,ID_Video,Avg_Engagement,Avg_Engagement_Neural,Model_1,Model_2,Model_3,Model_4
0,Test_42_video_arduino,0.5370155807017538,0.64810264,0.95,0.538125,1.0,0.7435
1,Test_45_video_arduino,0.5529058964912281,0.56111387,0.9,0.567875,0.9875,0.59975
2,Test_48_video_ted,0.7631681228571429,0.68664217,0.857143,0.639643,0.964286,0.627143
3,Test_48_slide_arduino,0.6366119631578946,0.6728341,0.92,0.596,1.0,0.6432
4,Test_51_video_ted,0.5821300314285712,0.69720517,1.0,0.676429,1.0,0.495
5,Test_51_video_arduino,0.5649298999999995,0.68838242,0.9125,0.4345,1.0,0.62775
6,Test_51_slide_arduino,0.5183327508771928,0.69772838,1.0,0.7914,1.0,0.4818
7,Test_52_video_ted,0.5649303555555553,0.68045763,1.0,0.542857,0.75,0.6025
8,Test_52_slide_arduino,0.5649298999999995,0.6813866,0.94,0.3176,1.0,0.6338
9,Test_55_video_ted,0.7415092114285715,0.67232014,1.0,0.710714,1.0,0.507143
10,Test_55_slide_arduino,0.7072598647058823,0.53653239,0.88,0.6026,0.86,0.555
11,Test_61_slide_arduino,0.6448758175438596,0.61089811,0.92,0.6424,1.0,0.6088
12,Test_65_video_ted,0.6691129657142856,0.68940458,1.0,0.771429,1.0,0.495
13,Test_65_slide_arduino,0.6508572368421054,0.65811199,1.0,0.683,1.0,0.575
14,Test_67_video_arduino,0.612838917,0.682417378,0.975309,0.731111,0.987654,0.743086
15,Test_67_video_ted,0.6957435000000001,0.682160313,0.964286,0.7825,0.892857,0.555
16,Test_70_video_arduino,0.591567485,0.694326105,0.8875,0.070125,1.0,0.65175
17,Test_71_video_arduino,0.617162549,0.667939677,0.8875,0.392375,1.0,0.591
18,Test_71_video_ted,0.6879866290000001,0.686168742,0.964286,0.831071,0.964286,0.675357
19,Test_71_slide_arduino,0.572722418,0.667064375,0.84,0.37,1.0,0.6616
20,Test_72_video_arduino,0.6804961070000001,0.519848844,0.8875,0.584375,0.95,0.599
21,Test_73_video_arduino,0.670460718,0.5407850439999999,0.9125,0.40125,1.0,0.59025
22,Test_74_video_arduino,0.547698485,0.638076291,0.9875,0.67575,0.9875,0.714
23,Test_74_video_ted,0.614758603,0.673068819,1.0,0.639286,1.0,0.747857
24,Test_74_slide_arduino,0.518332751,0.472553596,1.0,0.7972,0.94,0.6162
