Metrics,Not Engaged,Engaged
precision,0.9907583582495243,0.9904564315352697
recall,0.990623726049735,0.9905934430764974
f1-score,0.9906910375755928,0.9905249325679508
support,7359.0,7229.0
